{
	"UTC-12:00": [
		{
			"city": "Baker Island",
			"country": "USA"
		}
	],
	"UTC-11:00": [
		{
			"city": "Pago Pago",
			"country": "American Samoa"
		},
		{
			"city": "Midway",
			"country": "USA"
		}
	],
	"UTC-10:00": [
		{
			"city": "Honolulu",
			"country": "USA"
		},
		{
			"city": "Papeete",
			"country": "French Polynesia"
		},
		{
			"city": "Rarotonga",
			"country": "Cook Islands"
		}
	],
	"UTC-09:00": [
		{
			"city": "Anchorage",
			"country": "USA"
		},
		{
			"city": "Juneau",
			"country": "USA"
		},
		{
			"city": "Whitehorse",
			"country": "Canada"
		}
	],
	"UTC-08:00": [
		{
			"city": "Los Angeles",
			"country": "USA"
		},
		{
			"city": "Vancouver",
			"country": "Canada"
		},
		{
			"city": "Tijuana",
			"country": "Mexico"
		},
		{
			"city": "San Francisco",
			"country": "USA"
		},
		{
			"city": "Seattle",
			"country": "USA"
		}
	],
	"UTC-07:00": [
		{
			"city": "Denver",
			"country": "USA"
		},
		{
			"city": "Phoenix",
			"country": "USA"
		},
		{
			"city": "Edmonton",
			"country": "Canada"
		},
		{
			"city": "Ciudad Juárez",
			"country": "Mexico"
		},
		{
			"city": "Calgary",
			"country": "Canada"
		}
	],
	"UTC-06:00": [
		{
			"city": "Chicago",
			"country": "USA"
		},
		{
			"city": "Mexico City",
			"country": "Mexico"
		},
		{
			"city": "Guatemala City",
			"country": "Guatemala"
		},
		{
			"city": "Winnipeg",
			"country": "Canada"
		},
		{
			"city": "San Salvador",
			"country": "El Salvador"
		}
	],
	"UTC-05:00": [
		{
			"city": "New York",
			"country": "USA"
		},
		{
			"city": "Toronto",
			"country": "Canada"
		},
		{
			"city": "Lima",
			"country": "Peru"
		},
		{
			"city": "Bogotá",
			"country": "Colombia"
		},
		{
			"city": "Havana",
			"country": "Cuba"
		},
		{
			"city": "Montreal",
			"country": "Canada"
		},
		{
			"city": "Quito",
			"country": "Ecuador"
		}
	],
	"UTC-04:00": [
		{
			"city": "Santiago",
			"country": "Chile"
		},
		{
			"city": "Caracas",
			"country": "Venezuela"
		},
		{
			"city": "La Paz",
			"country": "Bolivia"
		},
		{
			"city": "Halifax",
			"country": "Canada"
		},
		{
			"city": "Asunción",
			"country": "Paraguay"
		},
		{
			"city": "Barbados",
			"country": ""
		}
	],
	"UTC-03:00": [
		{
			"city": "Buenos Aires",
			"country": "Argentina"
		},
		{
			"city": "Montevideo",
			"country": "Uruguay"
		},
		{
			"city": "São Paulo",
			"country": "Brazil"
		},
		{
			"city": "Brasília",
			"country": "Brazil"
		},
		{
			"city": "Fortaleza",
			"country": "Brazil"
		},
		{
			"city": "Cayenne",
			"country": "French Guiana"
		}
	],
	"UTC-02:00": [
		{
			"city": "South Georgia",
			"country": "UK"
		},
		{
			"city": "Fernando de Noronha",
			"country": "Brazil"
		}
	],
	"UTC-01:00": [
		{
			"city": "Azores",
			"country": "Portugal"
		},
		{
			"city": "Cape Verde",
			"country": ""
		},
		{
			"city": "Praia",
			"country": "Cape Verde"
		}
	],
	"UTC+00:00": [
		{
			"city": "London",
			"country": "UK"
		},
		{
			"city": "Lisbon",
			"country": "Portugal"
		},
		{
			"city": "Reykjavik",
			"country": "Iceland"
		},
		{
			"city": "Dakar",
			"country": "Senegal"
		},
		{
			"city": "Accra",
			"country": "Ghana"
		},
		{
			"city": "Casablanca",
			"country": "Morocco"
		}
	],
	"UTC+01:00": [
		{
			"city": "Paris",
			"country": "France"
		},
		{
			"city": "Berlin",
			"country": "Germany"
		},
		{
			"city": "Rome",
			"country": "Italy"
		},
		{
			"city": "Madrid",
			"country": "Spain"
		},
		{
			"city": "Algiers",
			"country": "Algeria"
		},
		{
			"city": "Lagos",
			"country": "Nigeria"
		},
		{
			"city": "Brussels",
			"country": "Belgium"
		},
		{
			"city": "Warsaw",
			"country": "Poland"
		},
		{
			"city": "Oslo",
			"country": "Norway"
		}
	],
	"UTC+02:00": [
		{
			"city": "Athens",
			"country": "Greece"
		},
		{
			"city": "Cairo",
			"country": "Egypt"
		},
		{
			"city": "Johannesburg",
			"country": "South Africa"
		},
		{
			"city": "Bucharest",
			"country": "Romania"
		},
		{
			"city": "Helsinki",
			"country": "Finland"
		},
		{
			"city": "Jerusalem",
			"country": "Israel"
		},
		{
			"city": "Beirut",
			"country": "Lebanon"
		},
		{
			"city": "Amman",
			"country": "Jordan"
		}
	],
	"UTC+03:00": [
		{
			"city": "Moscow",
			"country": "Russia"
		},
		{
			"city": "Nairobi",
			"country": "Kenya"
		},
		{
			"city": "Baghdad",
			"country": "Iraq"
		},
		{
			"city": "Riyadh",
			"country": "Saudi Arabia"
		},
		{
			"city": "Doha",
			"country": "Qatar"
		},
		{
			"city": "Kuwait City",
			"country": "Kuwait"
		},
		{
			"city": "Addis Ababa",
			"country": "Ethiopia"
		}
	],
	"UTC+03:30": [
		{
			"city": "Tehran",
			"country": "Iran"
		}
	],
	"UTC+04:00": [
		{
			"city": "Dubai",
			"country": "UAE"
		},
		{
			"city": "Baku",
			"country": "Azerbaijan"
		},
		{
			"city": "Tbilisi",
			"country": "Georgia"
		},
		{
			"city": "Muscat",
			"country": "Oman"
		},
		{
			"city": "Yerevan",
			"country": "Armenia"
		},
		{
			"city": "Samara",
			"country": "Russia"
		}
	],
	"UTC+04:30": [
		{
			"city": "Kabul",
			"country": "Afghanistan"
		}
	],
	"UTC+05:00": [
		{
			"city": "Karachi",
			"country": "Pakistan"
		},
		{
			"city": "Tashkent",
			"country": "Uzbekistan"
		},
		{
			"city": "Yekaterinburg",
			"country": "Russia"
		},
		{
			"city": "Ashgabat",
			"country": "Turkmenistan"
		}
	],
	"UTC+05:30": [
		{
			"city": "New Delhi",
			"country": "India"
		},
		{
			"city": "Mumbai",
			"country": "India"
		},
		{
			"city": "Colombo",
			"country": "Sri Lanka"
		},
		{
			"city": "Chennai",
			"country": "India"
		},
		{
			"city": "Bangalore",
			"country": "India"
		}
	],
	"UTC+05:45": [
		{
			"city": "Kathmandu",
			"country": "Nepal"
		}
	],
	"UTC+06:00": [
		{
			"city": "Dhaka",
			"country": "Bangladesh"
		},
		{
			"city": "Almaty",
			"country": "Kazakhstan"
		},
		{
			"city": "Bishkek",
			"country": "Kyrgyzstan"
		},
		{
			"city": "Omsk",
			"country": "Russia"
		},
		{
			"city": "Thimphu",
			"country": "Bhutan"
		}
	],
	"UTC+06:30": [
		{
			"city": "Yangon",
			"country": "Myanmar"
		},
		{
			"city": "Naypyidaw",
			"country": "Myanmar"
		}
	],
	"UTC+07:00": [
		{
			"city": "Bangkok",
			"country": "Thailand"
		},
		{
			"city": "Jakarta",
			"country": "Indonesia"
		},
		{
			"city": "Hanoi",
			"country": "Vietnam"
		},
		{
			"city": "Phnom Penh",
			"country": "Cambodia"
		},
		{
			"city": "Vientiane",
			"country": "Laos"
		},
		{
			"city": "Novosibirsk",
			"country": "Russia"
		}
	],
	"UTC+08:00": [
		{
			"city": "Beijing",
			"country": "China"
		},
		{
			"city": "Singapore",
			"country": "Singapore"
		},
		{
			"city": "Kuala Lumpur",
			"country": "Malaysia"
		},
		{
			"city": "Perth",
			"country": "Australia"
		},
		{
			"city": "Manila",
			"country": "Philippines"
		},
		{
			"city": "Hong Kong",
			"country": "China"
		},
		{
			"city": "Taipei",
			"country": "Taiwan"
		},
		{
			"city": "Ulaanbaatar",
			"country": "Mongolia"
		}
	],
	"UTC+09:00": [
		{
			"city": "Tokyo",
			"country": "Japan"
		},
		{
			"city": "Seoul",
			"country": "South Korea"
		},
		{
			"city": "Pyongyang",
			"country": "North Korea"
		},
		{
			"city": "Yakutsk",
			"country": "Russia"
		}
	],
	"UTC+09:30": [
		{
			"city": "Adelaide",
			"country": "Australia"
		},
		{
			"city": "Darwin",
			"country": "Australia"
		}
	],
	"UTC+10:00": [
		{
			"city": "Sydney",
			"country": "Australia"
		},
		{
			"city": "Melbourne",
			"country": "Australia"
		},
		{
			"city": "Brisbane",
			"country": "Australia"
		},
		{
			"city": "Port Moresby",
			"country": "Papua New Guinea"
		},
		{
			"city": "Vladivostok",
			"country": "Russia"
		}
	],
	"UTC+11:00": [
		{
			"city": "Honiara",
			"country": "Solomon Islands"
		},
		{
			"city": "Nouméa",
			"country": "New Caledonia"
		},
		{
			"city": "Magadan",
			"country": "Russia"
		},
		{
			"city": "Pohnpei",
			"country": "Micronesia"
		}
	],
	"UTC+12:00": [
		{
			"city": "Auckland",
			"country": "New Zealand"
		},
		{
			"city": "Suva",
			"country": "Fiji"
		},
		{
			"city": "Funafuti",
			"country": "Tuvalu"
		},
		{
			"city": "Petropavlovsk-Kamchatsky",
			"country": "Russia"
		},
		{
			"city": "Nauru",
			"country": "Nauru"
		}
	],
	"UTC+13:00": [
		{
			"city": "Apia",
			"country": "Samoa"
		},
		{
			"city": "Nuku'alofa",
			"country": "Tonga"
		},
		{
			"city": "Tokelau",
			"country": "Tokelau"
		}
	],
	"UTC+14:00": [
		{
			"city": "Kiritimati",
			"country": "Kiribati"
		}
	]
}
